-- SQL Dump of ЛР №3 БД Студенты.accdb
-- generated by MDB Viewer 2.3.1
-- optimized for PostgreSQL

SET NAMES 'UTF8';



DROP TABLE IF EXISTS "Addresses";

CREATE TABLE "Addresses" (
    "IDAddress" INTEGER PRIMARY KEY,
    "IDВладельца" INTEGER,
    "AddrCountry" TEXT,
    "AddrCity" TEXT
);

INSERT INTO "Addresses"("IDAddress","IDВладельца","AddrCountry","AddrCity")
VALUES(1,1,E'россия',E'самара'),
      (2,2,E'россия',E'азов'),
      (3,3,E'россия',E'ростов'),
      (4,4,E'россия',E'ростов'),
      (5,5,E'россия',E'ростов'),
      (6,6,E'россия',E'ростов'),
      (7,7,E'россия',E'ростов'),
      (8,8,E'россия',E'ростов'),
      (9,9,E'россия',E'ростов'),
      (10,10,E'россия',E'ростов'),
      (11,11,E'россия',E'ростов'),
      (12,12,E'россия',E'ростов'),
      (13,13,E'россия',E'ростов'),
      (14,14,E'россия',E'ростов'),
      (15,15,E'россия',E'ростов'),
      (16,16,E'россия',E'ростов'),
      (17,17,E'россия',E'ростов'),
      (18,18,E'россия',E'ростов'),
      (19,19,E'россия',E'ростов'),
      (20,20,E'россия',E'ростов'),
      (21,21,E'россия',E'ростов'),
      (22,22,E'россия',E'ростов'),
      (23,23,E'россия',E'ростов'),
      (24,24,E'россия',E'ростов'),
      (25,25,E'россия',E'ростов'),
      (26,26,E'россия',E'ростов'),
      (27,27,E'россия',E'ростов'),
      (28,28,E'россия',E'ростов'),
      (29,29,E'россия',E'ростов'),
      (30,30,E'россия',E'ростов'),
      (31,31,E'россия',E'ростов'),
      (32,32,E'россия',E'ростов'),
      (33,33,E'россия',E'ростов'),
      (34,34,E'россия',E'ростов'),
      (35,35,E'россия',E'ростов'),
      (36,36,E'россия',E'ростов'),
      (37,37,E'россия',E'ростов'),
      (38,38,E'россия',E'ростов'),
      (39,39,E'россия',E'якутск'),
      (40,40,E'россия',E'ростов'),
      (41,41,E'россия',E'азов'),
      (42,42,E'россия',E'краснодар'),
      (43,43,E'россия',E'новороссийск'),
      (44,44,E'россия',E'краснодар'),
      (45,45,E'россия',E'севастополь'),
      (46,46,E'белоруссия',E'могилев'),
      (47,47,E'украина',E'донецк'),
      (48,48,E'эстония',E'таллин'),
      (49,49,E'украина',E'одесса'),
      (50,50,E'латвия',E'рига');



DROP TABLE IF EXISTS "Mark";

CREATE TABLE "Mark" (
    "IDMark" INTEGER PRIMARY KEY,
    "Mark" INTEGER,
    "DateExam" TIMESTAMP,
    "ExamType" TEXT,
    "TStudPlan" INTEGER,
    "Посещаемость(часы)" INTEGER
);

INSERT INTO "Mark"("IDMark","Mark","DateExam","ExamType","TStudPlan","Посещаемость(часы)")
VALUES(1,5,E'2016-11-06 ',E'рус яз',1,2),
      (2,4,E'2016-11-29 ',E'математ',2,4),
      (3,5,E'2016-11-27 ',E'англ яз',3,2),
      (4,5,E'2016-11-28 ',E'информат',4,4),
      (5,4,E'2016-11-27 ',E'информат',5,4),
      (6,2,E'2016-11-26 ',E'англ яз',6,4),
      (7,4,E'2016-11-07 ',E'химия',7,5),
      (8,5,E'2016-12-01 ',E'химия',8,4),
      (9,4,E'2016-12-29 ',E'химия',9,6),
      (10,5,E'2017-02-14 ',E'физика',10,4),
      (11,4,E'2016-11-18 ',E'рус яз',11,8),
      (12,3,E'2016-11-28 ',E'рус яз',12,4),
      (13,5,E'2016-11-27 ',E'англ яз',13,2),
      (14,4,E'2017-05-13 ',E'франц яз',14,2),
      (15,2,E'2016-11-26 ',E'математ',15,2),
      (16,3,E'2016-12-10 ',E'программир',16,4),
      (17,5,E'2016-12-04 ',E'бд',17,52),
      (18,4,E'2016-11-27 ',E'бд',18,4),
      (19,3,E'2016-12-04 ',E'бд',19,2),
      (20,4,E'2016-12-11 ',E'бд',20,4),
      (21,5,E'2016-12-09 ',E'программир',21,5),
      (22,3,E'2016-11-22 ',E'ЭВМиПУ',22,4),
      (23,4,E'2016-12-03 ',E'ТОАС',23,4),
      (24,5,E'2016-12-10 ',E'экономика',24,4),
      (25,3,E'2016-11-03 ',E'ТОАС',25,2),
      (26,4,E'2016-11-19 ',E'бд',26,4),
      (27,5,E'2016-11-21 ',E'ИИ',27,2),
      (28,3,E'2016-11-07 ',E'ИИ',28,3),
      (29,4,E'2016-10-31 ',E'бд',29,56),
      (30,5,E'2017-04-13 ',E'ИИ',30,5),
      (31,3,E'2017-04-14 ',E'рус яз',31,4),
      (32,4,E'2017-04-08 ',E'бд',32,2),
      (33,5,E'2017-05-12 ',E'англ яз',33,3),
      (34,3,E'2017-05-20 ',E'метрология',9,4),
      (35,5,E'2017-06-09 ',E'программир',1,5),
      (36,4,E'2017-04-15 ',E'ИИ',5,3),
      (37,5,E'2017-02-17 ',E'бд',4,12),
      (38,3,E'2017-04-14 ',E'англ яз',5,4),
      (39,5,E'2017-06-17 ',E'рус яз',6,2);



DROP TABLE IF EXISTS "Persons";

CREATE TABLE "Persons" (
    "IDPersons" INTEGER PRIMARY KEY,
    "Фам" TEXT,
    "Имя" TEXT,
    "Отч" TEXT,
    "ДатаРожд" TIMESTAMP,
    "Пол" TEXT
);

INSERT INTO "Persons"("IDPersons","Фам","Имя","Отч","ДатаРожд","Пол")
VALUES(1,E'яковенко',E'филлип',E'петрович',E'1991-04-21 ',E'м'),
      (2,E'михайлов',E'кирилл',E'сергеевич',E'1995-12-04 ',E'м'),
      (3,E'грачева',E'людмила',E'николаевна',E'1991-03-03 ',E'ж'),
      (4,E'яковенко',E'вадим',E'петрович',E'1992-05-12 ',E'м'),
      (5,E'масенко',E'надежда',E'юрьевна',E'1994-08-24 ',E'ж'),
      (6,E'нестеренко',E'екатерина',E'аркадьевна',E'1998-07-16 ',E'м'),
      (7,E'орлов',E'федор',E'романович',E'1993-02-28 ',E'м'),
      (8,E'гражданкин',E'андрей',E'сергеевич',E'1995-06-06 ',E'м'),
      (9,E'комаров',E'николай',E'витальевич',E'1996-11-14 ',E'м'),
      (10,E'комарова',E'наталья',E'витальевна',E'1996-11-14 ',E'ж'),
      (11,E'каранадзе',E'никита',E'вахтангович',E'1995-05-15 ',E'м'),
      (12,E'мемов',E'арсений',E'петрович',E'1997-10-01 ',E'м'),
      (13,E'гланц',E'петр',E'михайлович',E'1996-11-09 ',E'м'),
      (14,E'сердюков',E'артем',E'максимович',E'1995-01-19 ',E'м'),
      (15,E'козлов',E'виктор',E'сергеевич',E'1994-05-23 ',E'м'),
      (16,E'баранова',E'наталья',E'викторовна',E'1996-06-16 ',E'ж'),
      (17,E'иванова',E'елена',E'алексеевна',E'1995-01-21 ',E'ж'),
      (18,E'горбенко',E'валерия',E'антоновна',E'1996-10-28 ',E'ж'),
      (19,E'игуменцев',E'антон',E'валериевич',E'1996-12-31 ',E'м'),
      (20,E'павлова',E'дарья',E'павловна',E'1997-11-04 ',E'ж'),
      (21,E'громов',E'денис',E'александрович',E'1996-10-26 ',E'м'),
      (22,E'яценко',E'владислав',E'андреевич',E'1996-09-14 ',E'м'),
      (23,E'лермонтов',E'никита',E'юрьевич',E'1998-07-16 ',E'м'),
      (24,E'кривко',E'вероника',E'романовна',E'1996-05-11 ',E'ж'),
      (25,E'сидоров',E'евгений',E'владимирович',E'1997-11-15 ',E'м'),
      (26,E'шаповалов',E'николай',E'вадимович',E'1996-11-30 ',E'м'),
      (27,E'гаркушева',E'светлана',E'александровна',E'1996-06-10 ',E'ж'),
      (28,E'шубин',E'юрий',E'федорович',E'1999-09-19 ',E'м'),
      (29,E'воронцов',E'николай',E'петрович',E'1993-04-06 ',E'м'),
      (30,E'белоусова',E'вера',E'валериевна',E'1995-12-02 ',E'ж'),
      (31,E'гусев',E'святослав',E'станиславович',E'1997-02-07 ',E'м'),
      (32,E'шевченко',E'степан',E'владимирович',E'1998-07-12 ',E'м'),
      (33,E'ситников',E'геннадий',E'николаевич',E'1997-05-25 ',E'м'),
      (34,E'большаков',E'владислав',E'ильич',E'1997-07-07 ',E'м'),
      (35,E'осипов',E'тимофей',E'даниилович',E'1995-11-03 ',E'м'),
      (36,E'ершов',E'алексей',E'антонович',E'1994-07-30 ',E'м'),
      (37,E'федотова',E'юлия',E'геннадьевна',E'1998-05-16 ',E'ж'),
      (38,E'жданова',E'татьяна',E'вячеславовна',E'1996-04-02 ',E'ж'),
      (39,E'костантинова',E'лариса',E'павловна',E'1993-05-19 ',E'ж'),
      (40,E'дорофеева',E'марина',E'даниловна',E'1995-11-06 ',E'ж'),
      (41,E'белякова',E'маргарита',E'антоновна',E'1997-10-05 ',E'ж'),
      (42,E'кудрявцев',E'станислав',E'антонович',E'1995-09-04 ',E'м'),
      (43,E'александров',E'виталий',E'тимурович',E'1995-08-03 ',E'м'),
      (44,E'белозеров',E'эдуард',E'даниилович',E'1997-09-17 ',E'м'),
      (45,E'рогов',E'георгий',E'гавриилович',E'1996-05-18 ',E'м'),
      (46,E'коломойцев',E'валентин',E'ильич',E'1996-11-19 ',E'м'),
      (47,E'игнатов',E'максим',E'матвеевич',E'1995-01-20 ',E'м'),
      (48,E'князев',E'павел',E'васильевич',E'1997-06-15 ',E'м'),
      (49,E'гришин',E'денис',E'романович',E'1996-05-12 ',E'м'),
      (50,E'давыдова',E'алина',E'викторовна',E'1995-06-06 ',E'ж');



DROP TABLE IF EXISTS "PersonT";

CREATE TABLE "PersonT" (
    "IDPerson" INTEGER PRIMARY KEY,
    "IngPerson" INTEGER,
    "Номер зачетки" INTEGER
);

INSERT INTO "PersonT"("IDPerson","IngPerson","Номер зачетки")
VALUES(1,1,854436),
      (2,2,596844),
      (3,3,963404),
      (4,4,258658),
      (5,5,760030),
      (6,6,883997),
      (7,7,553605),
      (8,8,783487),
      (9,9,434700),
      (10,10,177999),
      (11,11,376794),
      (12,12,990517),
      (13,13,505113),
      (14,14,269046),
      (15,15,309798),
      (16,16,530313),
      (17,17,546100),
      (18,18,626925),
      (19,19,531367),
      (20,20,112319),
      (21,21,780617),
      (22,22,964003),
      (23,23,233789),
      (24,24,755695),
      (25,25,554035),
      (26,26,648003),
      (27,27,327974),
      (28,28,135502),
      (29,29,443470),
      (30,30,373341),
      (31,31,580729),
      (32,32,736756),
      (33,33,657766),
      (34,34,649595),
      (35,35,386244),
      (36,36,489498),
      (37,37,479229),
      (38,38,505839),
      (39,39,902178),
      (40,40,501058),
      (41,41,377742),
      (42,42,772607),
      (43,43,485693),
      (44,44,607561),
      (45,45,145955),
      (46,46,139311),
      (47,47,594776),
      (48,48,777568),
      (49,49,947764),
      (50,50,364334);



DROP TABLE IF EXISTS "Plany";

CREATE TABLE "Plany" (
    "IDPlany" INTEGER PRIMARY KEY,
    "PControl" INTEGER,
    "PAuditTime" INTEGER,
    "PSemestr" INTEGER,
    "PDiscipline" INTEGER,
    "PKafedra" INTEGER
);

INSERT INTO "Plany"("IDPlany","PControl","PAuditTime","PSemestr","PDiscipline","PKafedra")
VALUES(1,5,18,4,1,12),
      (2,5,36,3,1,12),
      (3,4,40,4,1,12),
      (4,5,36,5,2,10),
      (5,4,45,7,2,10),
      (6,5,12,4,3,12),
      (7,4,40,1,4,4),
      (8,3,32,2,5,4),
      (9,4,26,1,6,1),
      (10,4,30,1,7,2),
      (11,3,27,1,8,2),
      (12,3,26,2,9,3),
      (13,3,18,4,10,6),
      (14,4,19,3,11,6),
      (15,5,26,4,10,6),
      (16,4,26,8,5,4),
      (17,5,34,7,1,12),
      (18,3,39,5,4,4),
      (19,5,11,6,5,4),
      (20,4,40,4,6,1),
      (21,5,23,1,12,7),
      (22,4,45,3,12,7),
      (23,5,35,5,15,9),
      (24,4,44,4,20,6),
      (25,4,53,6,19,6),
      (26,3,35,7,4,4),
      (27,4,45,8,21,13),
      (28,4,36,1,15,9),
      (29,5,45,2,16,9),
      (30,3,60,3,7,2),
      (31,4,45,4,17,7),
      (32,5,21,5,21,13),
      (33,5,69,6,20,13);



DROP TABLE IF EXISTS "Prepod";

CREATE TABLE "Prepod" (
    "IDPrepod" INTEGER PRIMARY KEY,
    "PlanyID" INTEGER,
    "PrepodFamIO" TEXT
);

INSERT INTO "Prepod"("IDPrepod","PlanyID","PrepodFamIO")
VALUES(1,1,E'нестеров м.и.'),
      (2,2,E'александров ж.м.'),
      (3,3,E'тюкова ю.б.'),
      (4,4,E'старикова в.м.'),
      (5,5,E'дробов а.с.'),
      (6,6,E'ломов и.в.'),
      (7,7,E'четвертак д.г.'),
      (8,8,E'полтовец я.с.'),
      (9,9,E'семенов д.с.'),
      (10,10,E'волочай д.м.'),
      (11,11,E'юрчук в.д.'),
      (12,12,E'самсонова а.в.'),
      (13,13,E'филимонов м.н.'),
      (14,14,E'дарских д.д.'),
      (15,15,E'брандт м.ф.'),
      (16,16,E'юсупов м.х.'),
      (17,17,E'фролова м.н.'),
      (18,18,E'астахов а.а.'),
      (19,19,E'нестеров м.и.'),
      (20,20,E'брандт м.ф.'),
      (21,21,E'мирошниченко м.я.'),
      (22,22,E'осипов в.и.'),
      (23,32,E'рудченко г.ф.');



DROP TABLE IF EXISTS "StudentsT";

CREATE TABLE "StudentsT" (
    "IDStudent" INTEGER PRIMARY KEY,
    "IDPerson" INTEGER,
    "Semestr" INTEGER
);

INSERT INTO "StudentsT"("IDStudent","IDPerson","Semestr")
VALUES(1,1,4),
      (2,2,4),
      (3,3,4),
      (5,5,4),
      (6,6,0),
      (7,7,0),
      (8,8,0),
      (9,9,5),
      (10,10,5),
      (11,11,6),
      (12,12,1),
      (13,13,2),
      (14,14,7),
      (15,15,2),
      (16,16,3),
      (17,17,5),
      (18,18,3),
      (19,19,4),
      (20,20,5),
      (21,21,7),
      (22,22,6),
      (23,23,5),
      (24,24,8),
      (25,25,7),
      (26,26,6),
      (27,27,5),
      (28,28,4),
      (29,29,1),
      (30,30,1),
      (31,31,2),
      (32,32,3),
      (33,33,1),
      (34,34,1),
      (35,35,1),
      (36,36,4),
      (37,37,5),
      (38,38,6),
      (39,39,1),
      (40,40,2),
      (41,41,3),
      (42,42,3),
      (43,43,3),
      (44,44,4),
      (45,45,4),
      (46,46,4),
      (47,47,4),
      (48,48,4),
      (49,49,4),
      (50,50,4),
      (4,4,4);



DROP TABLE IF EXISTS "StudPlany";

CREATE TABLE "StudPlany" (
    "DateEx" TIMESTAMP,
    "GroopPlan" INTEGER,
    "IDStudPlan" INTEGER PRIMARY KEY,
    "ResultMark" TEXT,
    "Student" INTEGER
);

INSERT INTO "StudPlany"("DateEx","GroopPlan","IDStudPlan","ResultMark","Student")
VALUES(E'2016-11-03 ',1,1,NULL,1),
      (E'2016-11-09 ',2,2,NULL,2),
      (E'2016-11-16 ',3,3,NULL,3),
      (E'2016-11-18 ',1,4,NULL,4),
      (E'2016-11-26 ',6,5,NULL,7),
      (E'2016-11-06 ',1,6,NULL,4),
      (E'2017-01-20 ',31,7,NULL,36),
      (E'2016-11-03 ',21,8,NULL,36),
      (E'2016-11-04 ',12,9,NULL,32),
      (E'2016-11-18 ',13,10,NULL,1),
      (E'2016-11-23 ',14,11,NULL,13),
      (E'2016-11-27 ',17,12,NULL,16),
      (E'2016-11-16 ',25,13,NULL,50),
      (E'2016-11-09 ',26,14,NULL,34),
      (E'2016-11-21 ',24,15,NULL,49),
      (E'2016-11-27 ',4,16,NULL,3),
      (E'2016-11-29 ',27,17,NULL,44),
      (E'2016-11-19 ',28,18,NULL,18),
      (E'2016-11-08 ',18,19,NULL,31),
      (E'2016-11-05 ',16,20,NULL,25),
      (E'2016-11-27 ',7,21,NULL,12),
      (E'2016-11-25 ',12,22,NULL,35),
      (E'2016-11-23 ',32,23,NULL,23),
      (E'2016-11-30 ',15,24,NULL,25),
      (E'2016-12-03 ',25,25,NULL,15),
      (E'2016-12-08 ',15,26,NULL,48),
      (E'2016-11-06 ',16,27,NULL,45),
      (E'2016-11-30 ',19,28,NULL,20),
      (E'2016-11-29 ',15,29,NULL,24),
      (E'2016-12-06 ',17,30,NULL,21),
      (E'2016-12-11 ',18,31,NULL,29),
      (E'2016-12-10 ',24,32,NULL,19),
      (E'2016-12-08 ',16,33,NULL,17);



DROP TABLE IF EXISTS "Приказы";

CREATE TABLE "Приказы" (
    "Код Приказа" INTEGER PRIMARY KEY,
    "НомерПриказа" TEXT,
    "ДатаРегистрации" TIMESTAMP,
    "ДатаСоздания" TIMESTAMP,
    "Проведен" BOOLEAN
);

INSERT INTO "Приказы"("Код Приказа","НомерПриказа","ДатаРегистрации","ДатаСоздания","Проведен")
VALUES(1,E'623',E'2016-05-12 ',E'2016-05-11 ',TRUE),
      (2,E'636',E'2016-09-03 ',E'2016-09-03 ',TRUE),
      (3,E'783',E'2016-09-03 ',E'2016-08-18 ',TRUE),
      (4,E'668',E'2016-01-07 ',E'2016-01-06 ',TRUE),
      (5,E'536',E'2015-11-12 ',E'2015-11-11 ',TRUE),
      (6,E'510',E'2016-09-16 ',E'2016-09-15 ',TRUE),
      (7,E'302',E'2016-04-05 ',E'2016-04-02 ',TRUE),
      (8,E'137',E'2016-09-09 ',E'2016-09-07 ',TRUE),
      (9,E'933',E'2016-10-05 ',E'2016-10-04 ',TRUE),
      (10,E'565',E'2016-09-30 ',E'2016-09-29 ',TRUE),
      (11,E'753',E'2016-11-10 ',E'2016-11-09 ',FALSE),
      (12,E'482',E'2016-10-12 ',E'2016-10-11 ',TRUE),
      (13,E'951',E'2016-10-20 ',E'2016-10-19 ',TRUE),
      (14,E'423',E'2016-10-19 ',E'2016-10-17 ',TRUE),
      (15,E'363',E'2016-10-25 ',E'2016-10-24 ',TRUE),
      (16,E'285',E'2016-10-01 ',E'2016-09-30 ',TRUE),
      (17,E'755',E'2016-09-17 ',E'2016-09-16 ',TRUE),
      (18,E'198',E'2016-11-17 ',E'2016-09-29 ',TRUE),
      (19,E'198',E'2016-11-03 ',E'2016-11-03 ',FALSE),
      (20,E'559',E'2016-11-02 ',E'2016-11-02 ',TRUE);



DROP TABLE IF EXISTS "ПриказыПоСтудентам";

CREATE TABLE "ПриказыПоСтудентам" (
    "КодПриказа" INTEGER,
    "КодСтатуса" INTEGER,
    "КодСтудента" INTEGER,
    "КодФормулир" INTEGER PRIMARY KEY,
    "Примечание" TEXT
);

INSERT INTO "ПриказыПоСтудентам"("КодПриказа","КодСтатуса","КодСтудента","КодФормулир","Примечание")
VALUES(1,1,1,1,NULL),
      (2,2,2,2,NULL),
      (3,1,3,3,NULL),
      (4,3,4,4,NULL),
      (5,2,5,5,NULL),
      (6,1,6,6,NULL),
      (7,3,7,7,NULL),
      (8,2,46,8,NULL),
      (9,1,13,9,NULL),
      (10,2,17,10,NULL),
      (11,2,11,11,NULL),
      (12,2,35,12,NULL),
      (13,3,22,13,NULL),
      (14,1,31,14,NULL),
      (15,2,23,15,NULL),
      (16,3,11,16,NULL),
      (17,3,44,17,NULL),
      (18,1,9,18,NULL),
      (19,2,30,19,NULL),
      (20,1,16,20,NULL);


