-- SQL Dump of Учебная база данных.accdb
-- generated by MDB Viewer 2.3.1
-- optimized for PostgreSQL

SET NAMES 'UTF8';



DROP TABLE IF EXISTS "EXAM_MARKS";

CREATE TABLE "EXAM_MARKS" (
    "EXAM_ID" INTEGER,
    "STUDENT_ID" INTEGER,
    "SUBJ_ID" INTEGER,
    "MARK" INTEGER,
    "EXAM_DATE" TIMESTAMP
);

INSERT INTO "EXAM_MARKS"("EXAM_ID","STUDENT_ID","SUBJ_ID","MARK","EXAM_DATE")
VALUES(145,3,12,5,E'2015-11-23'),
      (36,6,22,4,E'2015-05-02'),
      (124,3,12,NULL,E'2015-11-23'),
      (55,32,22,3,E'2015-05-02'),
      (32,34,56,3,E'2015-02-07'),
      (345,123,12,NULL,E'2015-11-23'),
      (765,87,94,5,E'2015-07-12'),
      (23,657,73,4,E'2015-08-29'),
      (13,123,43,4,E'2015-12-12'),
      (687,64,43,3,E'2015-12-12');



DROP TABLE IF EXISTS "LECTURER";

CREATE TABLE "LECTURER" (
    "LECTURER_ID" INTEGER,
    "SURNAME" TEXT,
    "NAME" TEXT,
    "CITY" TEXT,
    "UNIV_ID" INTEGER
);

INSERT INTO "LECTURER"("LECTURER_ID","SURNAME","NAME","CITY","UNIV_ID")
VALUES(234,E'Колесников',E'Борис',E'Воронеж',10),
      (11,E'Никонов',E'Иван',E'Воронеж',10),
      (67,E'Лагутин',E'Павел',E'Москва',22),
      (104,E'Струков',E'Николай',E'Москва',22),
      (342,E'Николаев',E'Виктор',E'Воронеж',10),
      (65,E'Сорокин',E'Андрей',E'Орел',10);



DROP TABLE IF EXISTS "STUDENT";

CREATE TABLE "STUDENT" (
    "STUDENT_ID" INTEGER,
    "SURNAME" TEXT,
    "NAME" TEXT,
    "STIPEND" INTEGER,
    "KURS" INTEGER,
    "CITY" TEXT,
    "BIRTHDAY" TIMESTAMP,
    "UNIV_ID" INTEGER
);

INSERT INTO "STUDENT"("STUDENT_ID","SURNAME","NAME","STIPEND","KURS","CITY","BIRTHDAY","UNIV_ID")
VALUES(1,E'Иванов',E'Иван',4100,1,E'Орел',E'1993-04-13',10),
      (3,E'Пет',E'Андрей',3100,1,E'Курск',E'1990-11-24',22),
      (6,E'Сидоров',E'Николай',3100,2,E'Москва',E'1991-11-14',33),
      (34,E'Куз',E'Дмитрий',4100,4,E'Нижний Новгород',E'1995-12-10',44),
      (56,E'Зайцева',E'Юлия',NULL,4,E'Воронеж',E'1997-11-23',44),
      (657,E'Павлов',E'Александр',2700,3,E'Москва',E'1992-07-09',22),
      (123,E'Котов',E'Алексей',3100,2,E'Ростов-на-Дону',E'1990-05-22',11),
      (45,E'Лукин',E'Александр',2700,3,E'Воронеж',E'1995-10-10',11),
      (64,E'Петрова',E'Марина',NULL,3,E'Москва',E'1991-01-23',10),
      (32,E'Белкин',E'Андрей',1670,2,NULL,E'1996-07-03',65),
      (87,E'Понадцова',E'Дарья',1670,4,E'Воронеж',E'1995-05-19',18);



DROP TABLE IF EXISTS "SUBJ_LECT";

CREATE TABLE "SUBJ_LECT" (
    "LECTURER_ID" INTEGER,
    "SUBJ_ID" INTEGER
);

INSERT INTO "SUBJ_LECT"("LECTURER_ID","SUBJ_ID")
VALUES(234,56),
      (11,94),
      (67,73),
      (104,12),
      (342,22),
      (65,43);



DROP TABLE IF EXISTS "SUBJECT";

CREATE TABLE "SUBJECT" (
    "SUBJ_ID" INTEGER,
    "SUBJ_NAME" TEXT,
    "HOUR" INTEGER,
    "SEMESTR" INTEGER
);

INSERT INTO "SUBJECT"("SUBJ_ID","SUBJ_NAME","HOUR","SEMESTR")
VALUES(12,E'Информатика',26,1),
      (22,E'Физика',34,1),
      (43,E'Математика',56,2),
      (56,E'История',24,4),
      (94,E'Иностранный язык',56,3),
      (73,E'Физическая культура',34,5);



DROP TABLE IF EXISTS "UNIVERSITY";

CREATE TABLE "UNIVERSITY" (
    "UNIV_ID" INTEGER,
    "UNIV_NAME" TEXT,
    "RATING" INTEGER,
    "CITY" TEXT
);

INSERT INTO "UNIVERSITY"("UNIV_ID","UNIV_NAME","RATING","CITY")
VALUES(22,E'МГУ',610,E'Москва'),
      (10,E'ВГУ',296,E'Воронеж'),
      (11,E'РГУ',376,E'Ростов-на-Дону'),
      (33,E'НГУ',421,E'Новгород'),
      (44,E'БГУ',296,E'Белгород'),
      (65,E'ТГУ',394,E'Томск'),
      (18,E'МГИМО',197,E'Москва');




